,iso,country,reduction,2000,2001,2002,2003,2004,2005,2006,2007,2008,2009,2010,2011,2012,2013,2014,2015,2016,2017,2018,continent,label
73,HTI,Haiti,3000,0.159,0.181,0.206,0.192,0.217,0.223,0.223,0.249,0.245,0.228,0.211,0.207,0.214,0.221,0.264,0.272,0.273,0.271,0.27,Americas,Haiti (3000 MT)
123,NIC,Nicaragua,5580,0.735,0.763,0.765,0.82,0.817,0.786,0.802,0.815,0.771,0.774,0.768,0.815,0.76,0.718,0.749,0.844,0.875,0.862,0.862,Americas,Nicaragua (5580 MT)
74,HND,Honduras,9920,0.751,0.831,0.865,0.938,0.995,0.996,0.978,1.1,1.06,0.943,0.954,1.02,1.04,1.05,1.04,1.08,1.04,1.02,1.04,Americas,Honduras (9920 MT)
69,GTM,Guatemala,18400,0.839,0.859,0.879,0.836,0.874,0.925,0.91,0.887,0.778,0.8,0.759,0.752,0.758,0.807,0.852,0.95,0.988,0.959,1.07,Americas,Guatemala (18400 MT)
135,PRY,Paraguay,7440,0.678,0.681,0.698,0.716,0.709,0.65,0.662,0.674,0.704,0.736,0.804,0.821,0.806,0.795,0.828,0.905,1.06,1.05,1.07,Americas,Paraguay (7440 MT)
53,SLV,El Salvador,7140,0.964,0.989,1.02,1.07,1.04,1.04,1.11,1.12,1.05,1.03,1.02,1.05,1.04,0.973,0.981,1.07,1.11,1.1,1.11,Americas,El Salvador (7140 MT)
18,BLZ,Belize,575,1.6,1.75,1.65,1.61,1.42,1.49,1.52,1.59,1.42,1.86,1.67,1.82,1.41,1.49,1.4,1.61,1.54,1.51,1.5,Americas,Belize (575 MT)
41,CRI,Costa Rica,8070,1.36,1.41,1.52,1.57,1.61,1.56,1.6,1.79,1.77,1.7,1.62,1.56,1.53,1.59,1.6,1.51,1.6,1.58,1.61,Americas,Costa Rica (8070 MT)
136,PER,Peru,55600,1.14,1.01,0.995,0.954,1.14,1.32,1.01,1.22,1.43,1.78,1.97,1.67,1.84,1.53,1.67,1.69,1.82,1.68,1.74,Americas,Peru (55600 MT)
37,COL,Colombia,97300,1.42,1.39,1.36,1.38,1.3,1.41,1.44,1.41,1.52,1.62,1.69,1.67,1.73,1.98,1.83,1.96,2.01,1.91,1.96,Americas,Colombia (97300 MT)
21,BOL,Bolivia,22300,1.31,0.999,1.18,1.24,1.22,1.31,1.59,1.27,1.34,1.38,1.49,1.57,1.79,1.79,1.87,1.81,1.92,1.94,1.96,Americas,Bolivia (22300 MT)
185,URY,Uruguay,6950,1.59,1.51,1.37,1.36,1.68,1.73,1.99,1.79,2.46,2.37,1.88,2.27,2.55,2.21,1.96,1.94,1.95,1.95,2.01,Americas,Uruguay (6950 MT)
163,VCT,St. Vincent and the Grenadines,224,1.36,1.67,1.73,1.83,2.03,2.03,2.03,2.1,2.1,2.88,2.03,1.83,2.33,1.92,2.02,2.02,2.01,2.02,2.03,Americas,St. Vincent and the Grenadines (224 MT)
24,BRA,Brazil,458000,1.86,1.88,1.83,1.75,1.81,1.84,1.82,1.88,1.98,1.86,2.1,2.18,2.31,2.46,2.59,2.42,2.2,2.23,2.18,Americas,Brazil (458000 MT)
162,LCA,St. Lucia,421,2.22,2.2,1.82,2.24,2.2,2.24,2.22,2.3,2.33,2.24,2.32,2.32,2.3,2.29,2.28,2.29,2.3,2.31,2.31,Americas,St. Lucia (421 MT)
50,DOM,Dominican Republic,24900,2.31,2.28,2.42,2.4,2.02,2.02,2.11,2.22,2.14,2.07,2.12,2.17,2.17,2.09,2.12,2.29,2.37,2.32,2.34,Americas,Dominican Republic (24900 MT)
68,GRD,Grenada,271,1.85,1.88,1.98,2.08,1.97,2.07,2.2,2.27,2.4,2.39,2.45,2.37,2.53,2.81,2.16,2.38,2.43,2.41,2.43,Americas,Grenada (271 MT)
51,ECU,Ecuador,41900,1.62,1.78,1.88,2,2.12,2.17,2.03,2.21,2.29,2.4,2.39,2.35,2.06,2.59,2.85,2.63,2.46,2.36,2.46,Americas,Ecuador (41900 MT)
44,CUB,Cuba,28600,2.33,2.27,2.32,2.26,2.21,2.3,2.34,2.29,2.47,2.5,3.02,2.6,2.62,2.46,2.43,2.57,2.48,2.48,2.53,Americas,Cuba (28600 MT)
49,DMA,Dominica,183,1.47,1.58,1.47,1.67,2.03,2.03,2.02,2.59,2.33,2.28,2.43,2.17,2.33,2.38,2.48,2.47,2.52,2.54,2.55,Americas,Dominica (183 MT)
133,PAN,Panama,10900,1.89,2.25,1.85,1.89,1.75,2.03,2.17,2.09,2.08,2.35,2.49,2.69,2.59,2.97,2.78,2.74,2.59,2.54,2.62,Americas,Panama (10900 MT)
84,JAM,Jamaica,8200,3.89,3.96,3.79,3.94,3.88,3.78,4.15,3.48,3.57,2.73,2.54,2.72,2.58,2.78,2.54,2.62,2.81,2.8,2.79,Americas,Jamaica (8200 MT)
165,SUR,Suriname,1790,4.66,4.96,3.24,3.16,3.16,3.18,3.44,3.44,3.75,3.82,4.53,3.36,4.16,3.83,4.03,3.06,3.05,3.02,3.1,Americas,Suriname (1790 MT)
72,GUY,Guyana,2430,2.16,2.14,2.12,2.1,2.18,1.93,1.73,2.09,2.09,2.09,2.29,2.37,2.64,2.55,2.63,2.61,3.04,3.03,3.12,Americas,Guyana (2430 MT)
110,MEX,Mexico,478000,4.01,4.1,4.05,4.25,4.2,4.38,4.43,4.4,4.45,4.24,4.07,4.19,4.24,4.13,4,3.96,3.94,3.95,3.79,Americas,Mexico (478000 MT)
7,ARG,Argentina,196000,3.85,3.58,3.3,3.54,4.08,4.15,4.45,4.39,4.7,4.42,4.57,4.61,4.6,4.56,4.56,4.64,4.6,4.55,4.41,Americas,Argentina (196000 MT)
15,BRB,Barbados,1280,4.24,4.36,4.39,4.54,4.62,4.78,4.84,4.89,5.76,5.69,5.19,5.36,5.15,5.06,4.37,4.36,4.43,4.44,4.48,Americas,Barbados (1280 MT)
35,CHL,Chile,85900,3.79,3.39,3.48,3.47,3.69,3.77,3.91,4.28,4.24,3.91,4.18,4.53,4.58,4.65,4.36,4.55,4.62,4.52,4.59,Americas,Chile (85900 MT)
161,KNA,St. Kitts and Nevis,242,3.91,3.95,4.38,4.33,4.59,4.23,4.26,4.53,4.49,4.6,4.49,4.67,4.41,4.44,4.55,4.58,4.62,4.62,4.62,Americas,St. Kitts and Nevis (242 MT)
12,BHS,Bahamas,1810,6.55,6.18,6.27,6.28,6.19,5.63,5.37,5.33,6.87,4.59,6.73,5.01,5.24,7.82,6.34,5.39,4.73,4.72,4.7,Americas,Bahamas (1810 MT)
188,VEN,Venezuela,139000,6.28,6.98,7.69,7.5,5.82,6.2,6.32,5.92,6.5,6.43,6.67,5.9,6.51,6.14,6.13,5.69,5.47,5.23,4.81,Americas,Venezuela (139000 MT)
6,ATG,Antigua and Barbuda,566,4.54,4.51,4.73,5.09,5.25,5.27,5.36,5.59,5.63,5.88,5.96,5.75,5.8,5.73,5.7,5.84,5.9,5.89,5.88,Americas,Antigua and Barbuda (566 MT)
31,CAN,Canada,569000,18.7,18.3,18.3,18.7,18.4,17.9,17.6,18.1,17.3,16.1,16.3,16.4,16.3,16.4,16.2,16,15.5,15.6,15.3,Americas,Canada (569000 MT)
184,USA,United States,5420000,21.3,20.7,20.7,20.7,20.9,20.8,20.3,20.4,19.5,17.9,18.5,17.9,17.1,17.5,17.5,16.9,16.4,16.2,16.6,Americas,United States (5420000 MT)
175,TTO,Trinidad and Tobago,43500,18.8,20.7,22.4,24.9,25.9,29.4,32.7,34.7,33.7,33.9,36,35.1,33.7,34.3,33.9,33.7,31.8,31.4,31.3,Americas,Trinidad and Tobago (43500 MT)
39,COD,"Congo, Dem. Rep.",2040,0.019,0.0159,0.0171,0.0202,0.0217,0.0264,0.0275,0.029,0.03,0.0272,0.0304,0.0366,0.0342,0.0496,0.0628,0.0367,0.0254,0.0244,0.0243,Africa,"Congo, Dem. Rep. (2040 MT)"
155,SOM,Somalia,699,0.0541,0.0547,0.0617,0.0605,0.0586,0.0569,0.0552,0.0549,0.0528,0.051,0.0508,0.0495,0.0479,0.0483,0.047,0.0457,0.0455,0.0466,0.0466,Africa,Somalia (699 MT)
28,BDI,Burundi,522,0.0425,0.0315,0.0317,0.0233,0.0278,0.0209,0.0246,0.0238,0.0235,0.0227,0.0355,0.047,0.0411,0.0419,0.0383,0.0386,0.0461,0.047,0.0467,Africa,Burundi (522 MT)
33,CAF,Central African Republic,304,0.0735,0.066,0.0646,0.0605,0.0593,0.0581,0.0605,0.0603,0.0592,0.0583,0.0602,0.0631,0.0661,0.0643,0.0649,0.0653,0.0655,0.0645,0.0651,Africa,Central African Republic (304 MT)
34,TCD,Chad,1020,0.0584,0.0579,0.0565,0.0794,0.0769,0.0759,0.0757,0.079,0.083,0.0815,0.0834,0.0664,0.0707,0.0715,0.0717,0.0694,0.0682,0.0661,0.0656,Africa,Chad (1020 MT)
102,MWI,Malawi,1380,0.0776,0.0693,0.0723,0.0754,0.0742,0.0718,0.0708,0.0727,0.0793,0.0775,0.0707,0.0762,0.0737,0.0734,0.0628,0.0669,0.0735,0.0764,0.0762,Africa,Malawi (1380 MT)
143,RWA,Rwanda,1120,0.0656,0.0634,0.0617,0.0594,0.0594,0.0583,0.0569,0.0585,0.0555,0.0571,0.0572,0.0629,0.0682,0.0724,0.0734,0.0816,0.0898,0.0912,0.0913,Africa,Rwanda (1120 MT)
124,NER,Niger,2320,0.0612,0.0555,0.057,0.0596,0.0616,0.052,0.0486,0.0489,0.0527,0.0608,0.0711,0.0773,0.0986,0.102,0.107,0.101,0.0967,0.103,0.103,Africa,Niger (2320 MT)
180,UGA,Uganda,5780,0.0593,0.0602,0.06,0.0607,0.0627,0.0761,0.0865,0.0956,0.1,0.103,0.116,0.122,0.112,0.117,0.123,0.133,0.136,0.137,0.135,Africa,Uganda (5780 MT)
58,ETH,Ethiopia,14900,0.0524,0.0626,0.0632,0.0675,0.0695,0.065,0.0678,0.0724,0.0775,0.0761,0.0724,0.0765,0.0874,0.104,0.121,0.128,0.135,0.138,0.137,Africa,Ethiopia (14900 MT)
150,SLE,Sierra Leone,1080,0.0848,0.108,0.108,0.109,0.102,0.0818,0.106,0.0863,0.0873,0.0853,0.0897,0.113,0.128,0.151,0.163,0.126,0.127,0.139,0.141,Africa,Sierra Leone (1080 MT)
101,MDG,Madagascar,4280,0.119,0.107,0.0735,0.0973,0.101,0.0942,0.0883,0.0918,0.0935,0.0853,0.0917,0.109,0.123,0.137,0.139,0.149,0.156,0.163,0.163,Africa,Madagascar (4280 MT)
158,SSD,South Sudan,1870,0.0744,0.0823,0.101,0.109,0.132,0.121,0.127,0.142,0.142,0.142,0.14,0.133,0.132,0.14,0.146,0.181,0.159,0.167,0.171,Africa,South Sudan (1870 MT)
71,GNB,Guinea-Bissau,340,0.122,0.123,0.123,0.151,0.154,0.158,0.157,0.164,0.157,0.158,0.157,0.157,0.158,0.156,0.16,0.16,0.165,0.179,0.181,Africa,Guinea-Bissau (340 MT)
105,MLI,Mali,3560,0.076,0.0745,0.0739,0.0716,0.072,0.0718,0.0819,0.0951,0.11,0.122,0.131,0.139,0.144,0.161,0.172,0.178,0.173,0.186,0.187,Africa,Mali (3560 MT)
27,BFA,Burkina Faso,3900,0.0889,0.0831,0.0815,0.085,0.0845,0.0837,0.0982,0.112,0.118,0.121,0.131,0.133,0.158,0.168,0.166,0.182,0.181,0.196,0.198,Africa,Burkina Faso (3900 MT)
55,ERI,Eritrea,741,0.264,0.264,0.242,0.273,0.281,0.27,0.187,0.187,0.131,0.159,0.157,0.174,0.19,0.191,0.205,0.201,0.204,0.212,0.215,Africa,Eritrea (741 MT)
170,TZA,Tanzania,12500,0.0768,0.0885,0.0988,0.102,0.113,0.14,0.149,0.14,0.142,0.132,0.154,0.171,0.196,0.225,0.225,0.244,0.219,0.222,0.222,Africa,Tanzania (12500 MT)
70,GIN,Guinea,3180,0.181,0.186,0.189,0.194,0.198,0.2,0.203,0.207,0.205,0.212,0.244,0.249,0.228,0.194,0.194,0.215,0.234,0.254,0.256,Africa,Guinea (3180 MT)
38,COM,Comoros,219,0.189,0.185,0.18,0.226,0.239,0.228,0.258,0.16,0.162,0.196,0.234,0.192,0.198,0.237,0.203,0.217,0.254,0.261,0.263,Africa,Comoros (219 MT)
63,GMB,Gambia,611,0.209,0.221,0.214,0.207,0.216,0.211,0.221,0.215,0.217,0.219,0.241,0.242,0.239,0.22,0.254,0.251,0.247,0.266,0.268,Africa,Gambia (611 MT)
116,MOZ,Mozambique,8290,0.0747,0.0853,0.0821,0.0961,0.0937,0.0865,0.0909,0.101,0.0979,0.107,0.112,0.129,0.12,0.159,0.314,0.233,0.278,0.28,0.281,Africa,Mozambique (8290 MT)
191,ZMB,Zambia,5230,0.172,0.176,0.179,0.185,0.182,0.189,0.183,0.149,0.164,0.182,0.189,0.199,0.241,0.252,0.277,0.271,0.296,0.304,0.302,Africa,Zambia (5230 MT)
30,CMR,Cameroon,8140,0.216,0.209,0.203,0.22,0.223,0.203,0.206,0.305,0.282,0.334,0.328,0.295,0.274,0.22,0.293,0.333,0.334,0.326,0.323,Africa,Cameroon (8140 MT)
96,LBR,Liberia,1560,0.148,0.152,0.144,0.152,0.174,0.204,0.202,0.181,0.148,0.127,0.196,0.212,0.233,0.207,0.273,0.27,0.296,0.32,0.324,Africa,Liberia (1560 MT)
42,CIV,Cote d'Ivoire,8400,0.393,0.439,0.404,0.292,0.409,0.409,0.363,0.341,0.336,0.275,0.296,0.302,0.387,0.432,0.43,0.405,0.331,0.327,0.335,Africa,Cote d'Ivoire (8400 MT)
88,KEN,Kenya,18500,0.323,0.281,0.232,0.19,0.209,0.228,0.248,0.247,0.249,0.293,0.28,0.3,0.271,0.281,0.295,0.341,0.35,0.36,0.36,Africa,Kenya (18500 MT)
173,TGO,Togo,3420,0.271,0.229,0.255,0.339,0.319,0.307,0.261,0.256,0.251,0.439,0.405,0.38,0.327,0.307,0.305,0.369,0.408,0.432,0.434,Africa,Togo (3420 MT)
164,SDN,Sudan,21100,0.185,0.208,0.259,0.281,0.347,0.324,0.347,0.399,0.413,0.42,0.417,0.396,0.393,0.407,0.407,0.499,0.491,0.503,0.504,Africa,Sudan (21100 MT)
145,STP,Sao Tome and Principe,124,0.335,0.355,0.398,0.439,0.477,0.489,0.522,0.507,0.493,0.521,0.549,0.556,0.603,0.592,0.581,0.57,0.595,0.583,0.587,Africa,Sao Tome and Principe (124 MT)
108,MRT,Mauritania,2660,0.424,0.434,0.45,0.452,0.472,0.475,0.457,0.512,0.538,0.578,0.561,0.587,0.629,0.536,0.636,0.609,0.552,0.599,0.605,Africa,Mauritania (2660 MT)
66,GHA,Ghana,18300,0.317,0.341,0.357,0.359,0.336,0.312,0.41,0.419,0.379,0.31,0.392,0.443,0.551,0.533,0.542,0.579,0.57,0.606,0.615,Africa,Ghana (18300 MT)
40,COG,"Congo, Rep.",3230,0.335,0.238,0.174,0.269,0.271,0.268,0.296,0.31,0.323,0.416,0.459,0.51,0.653,0.695,0.656,0.649,0.638,0.623,0.617,Africa,"Congo, Rep. (3230 MT)"
19,BEN,Benin,7160,0.229,0.253,0.282,0.31,0.32,0.297,0.452,0.511,0.49,0.504,0.537,0.517,0.477,0.488,0.508,0.555,0.577,0.618,0.623,Africa,Benin (7160 MT)
125,NGA,Nigeria,127000,0.645,0.692,0.734,0.759,0.73,0.762,0.687,0.645,0.631,0.486,0.713,0.8,0.701,0.711,0.725,0.627,0.634,0.644,0.65,Africa,Nigeria (127000 MT)
48,DJI,Djibouti,645,0.511,0.5,0.535,0.555,0.528,0.529,0.517,0.574,0.611,0.554,0.615,0.554,0.553,0.629,0.661,0.665,0.646,0.666,0.672,Africa,Djibouti (645 MT)
147,SEN,Senegal,11700,0.389,0.417,0.423,0.456,0.462,0.5,0.389,0.413,0.395,0.352,0.575,0.6,0.55,0.571,0.623,0.695,0.693,0.734,0.739,Africa,Senegal (11700 MT)
192,ZWE,Zimbabwe,12300,1.16,1.05,0.996,0.886,0.785,0.887,0.853,0.803,0.624,0.441,0.607,0.737,0.587,0.872,0.881,0.881,0.771,0.845,0.85,Africa,Zimbabwe (12300 MT)
57,SWZ,Eswatini,1200,1.19,1.13,1.11,1.03,1.01,1,0.995,1.03,1.06,1.01,0.995,1,1.15,1.4,0.824,0.89,1.04,1.08,1.06,Africa,Eswatini (1200 MT)
5,AGO,Angola,34600,0.581,0.571,0.72,0.496,0.998,0.979,1.1,1.2,1.18,1.23,1.24,1.25,1.35,1.28,1.64,1.22,1.18,1.14,1.12,Africa,Angola (34600 MT)
32,CPV,Cape Verde,629,0.505,0.539,0.621,0.685,0.723,0.95,1.01,1.07,0.976,1.08,1.13,1.23,1,0.975,0.948,0.943,1.02,1.13,1.16,Africa,Cape Verde (629 MT)
95,LSO,Lesotho,2660,0.911,0.922,0.939,0.957,0.989,1.01,1.02,1.04,1.07,1.11,1.14,1.16,1.19,1.19,1.19,1.14,1.21,1.33,1.26,Africa,Lesotho (2660 MT)
118,NAM,Namibia,4280,0.915,1.11,0.951,0.997,1.03,1.19,1.18,1.18,1.63,1.47,1.46,1.28,1.53,1.17,1.63,1.71,1.78,1.76,1.75,Africa,Namibia (4280 MT)
115,MAR,Morocco,66400,1.17,1.29,1.29,1.26,1.44,1.5,1.54,1.61,1.68,1.65,1.74,1.73,1.78,1.74,1.75,1.76,1.74,1.79,1.84,Africa,Morocco (66400 MT)
52,EGY,Egypt,239000,2.04,1.77,1.76,2.01,2.01,2.19,2.29,2.38,2.45,2.5,2.4,2.53,2.49,2.37,2.47,2.37,2.47,2.46,2.43,Africa,Egypt (239000 MT)
62,GAB,Gabon,5360,3.8,3.8,3.53,3.5,3.44,3.5,2.9,2.78,2.74,2.69,2.94,2.92,2.88,2.9,2.82,2.69,2.64,2.58,2.53,Africa,Gabon (5360 MT)
176,TUN,Tunisia,31600,2.03,2.1,2.08,2.11,2.19,2.21,2.22,2.3,2.34,2.31,2.55,2.38,2.43,2.45,2.52,2.62,2.57,2.67,2.73,Africa,Tunisia (31600 MT)
23,BWA,Botswana,6670,2.3,2.3,2.33,2.21,2.21,2.28,2.25,2.26,2.35,1.98,2.28,2,2.49,2.75,3.28,2.56,2.93,3.14,2.96,Africa,Botswana (6670 MT)
3,DZA,Algeria,156000,2.82,2.67,2.81,2.82,2.69,3.21,2.98,3.18,3.14,3.4,3.28,3.27,3.43,3.48,3.68,3.8,3.64,3.56,3.69,Africa,Algeria (156000 MT)
109,MUS,Mauritius,4860,2.27,2.4,2.4,2.53,2.54,2.7,2.96,2.99,3.04,2.98,3.14,3.13,3.17,3.24,3.35,3.35,3.45,3.75,3.83,Africa,Mauritius (4860 MT)
54,GNQ,Equatorial Guinea,5690,0.756,6.86,9.65,11.2,9.85,10,10.4,9.57,7.47,7.52,7.31,9.52,6.77,7.15,6.51,5.16,4.65,4.54,4.35,Africa,Equatorial Guinea (5690 MT)
149,SYC,Seychelles,656,7.06,7.7,6.41,6.41,8.43,7.78,8.19,7.12,7.66,5.78,4.86,3.55,4.55,3.53,5.18,5.17,6.32,6.61,6.75,Africa,Seychelles (656 MT)
97,LBY,Libya,54100,8.74,8.78,8.59,8.69,8.76,8.92,8.95,8.26,9.14,9.33,9.87,6.29,8.34,8.87,9.23,8.79,7.72,7.96,8.09,Africa,Libya (54100 MT)
156,ZAF,South Africa,468000,8.42,8.16,7.73,8.66,9.5,8.69,9.22,9.47,9.94,9.96,9.16,9.16,8.77,8.53,8.86,8.35,8.46,8.12,8.1,Africa,South Africa (468000 MT)
154,SLB,Solomon Islands,178,0.373,0.372,0.362,0.361,0.352,0.343,0.343,0.365,0.357,0.349,0.354,0.339,0.33,0.34,0.331,0.316,0.272,0.272,0.273,Oceania,Solomon Islands (178 MT)
187,VUT,Vanuatu,155,0.456,0.465,0.435,0.424,0.287,0.28,0.222,0.451,0.424,0.526,0.512,0.544,0.456,0.414,0.584,0.487,0.527,0.527,0.529,Oceania,Vanuatu (155 MT)
89,KIR,Kiribati,69.6,0.391,0.342,0.462,0.495,0.527,0.636,0.7,0.608,0.668,0.545,0.57,0.525,0.483,0.476,0.536,0.562,0.587,0.594,0.601,Oceania,Kiribati (69.6 MT)
134,PNG,Papua New Guinea,7840,0.456,0.537,0.572,0.634,0.706,0.675,0.648,0.899,0.688,0.713,0.638,0.7,0.653,0.662,0.727,0.91,0.899,0.9,0.911,Oceania,Papua New Guinea (7840 MT)
179,TUV,Tuvalu,11.6,0.781,0.774,1.15,1.13,1.11,1.1,0.725,1.08,1.07,1.06,0.697,0.69,1.02,1.01,1,0.991,0.979,0.994,1.01,Oceania,Tuvalu (11.6 MT)
174,TON,Tonga,135,0.973,0.894,1.04,1.18,1.1,1.13,1.26,1.11,1.17,1.27,1.13,0.991,1.04,1.12,1.13,1.2,1.27,1.29,1.31,Oceania,Tonga (135 MT)
144,WSM,Samoa,259,0.82,0.836,0.831,0.868,0.842,0.898,0.912,0.947,0.98,1.01,1.01,1.08,1.05,1.04,1.09,1.21,1.26,1.29,1.32,Oceania,Samoa (259 MT)
111,FSM,"Micronesia, Fed. Sts.",151,1.16,1.57,1.34,1.34,1.34,1.14,1.15,1.26,1.06,1.42,0.998,1.13,1.19,1.28,1.26,1.31,1.3,1.32,1.34,Oceania,"Micronesia, Fed. Sts. (151 MT)"
59,FJI,Fiji,2130,1.03,1.29,1.08,1.27,1.64,1.32,1.45,1.37,1.04,0.913,1.4,1.24,1.2,1.52,1.87,2.45,2.32,2.36,2.41,Oceania,Fiji (2130 MT)
107,MHL,Marshall Islands,151,1.95,2,2.1,1.99,2.15,2.06,2.17,2.22,2.29,2.35,2.41,2.47,2.39,2.45,2.5,2.49,2.48,2.53,2.58,Oceania,Marshall Islands (151 MT)
119,NRU,Nauru,50.3,8.16,7.89,7.62,6.61,6.66,6.33,4.48,4.47,4.45,4.06,4.4,4.01,3.98,4.31,4.63,4.6,4.55,4.63,4.71,Oceania,Nauru (50.3 MT)
122,NZL,New Zealand,34800,8.38,8.83,8.75,9.05,8.82,9.1,8.96,8.65,8.79,8.05,8.01,7.77,8.06,7.82,7.81,7.77,7.36,7.67,7.34,Oceania,New Zealand (34800 MT)
131,PLW,Palau,236,10.9,11.2,10.8,10.7,10.9,11.1,11.6,13.2,11,10.8,11.6,12.2,12.3,12.5,12.7,12.7,12.6,12.9,13.2,Oceania,Palau (236 MT)
9,AUS,Australia,421000,18.5,18.6,18.7,18.9,19.3,19.2,19.1,19.2,19,18.8,18.4,18,17.8,17.1,16.7,16.8,17,17,16.9,Oceania,Australia (421000 MT)
1,AFG,Afghanistan,9450,0.037,0.0376,0.0471,0.0509,0.0368,0.0515,0.0622,0.0838,0.152,0.238,0.29,0.406,0.345,0.28,0.253,0.262,0.245,0.247,0.254,Asia,Afghanistan (9450 MT)
120,NPL,Nepal,9460,0.127,0.133,0.105,0.112,0.104,0.119,0.0971,0.0978,0.127,0.156,0.181,0.195,0.205,0.234,0.285,0.223,0.325,0.33,0.337,Asia,Nepal (9460 MT)
190,YEM,Yemen,10100,0.832,0.895,0.844,0.901,0.955,0.985,1.02,0.974,1.01,1.08,1,0.849,0.747,0.994,0.937,0.48,0.377,0.363,0.356,Asia,Yemen (10100 MT)
172,TLS,Timor-Leste,522,0.175,0.175,0.175,0.17,0.181,0.177,0.177,0.177,0.191,0.212,0.215,0.221,0.259,0.385,0.437,0.42,0.406,0.409,0.412,Asia,Timor-Leste (522 MT)
117,MMR,Myanmar,26400,0.215,0.184,0.192,0.203,0.255,0.236,0.259,0.258,0.195,0.202,0.259,0.296,0.232,0.25,0.31,0.421,0.471,0.476,0.491,Asia,Myanmar (26400 MT)
14,BGD,Bangladesh,85800,0.208,0.239,0.242,0.248,0.263,0.271,0.296,0.299,0.314,0.337,0.366,0.379,0.402,0.405,0.427,0.467,0.481,0.494,0.531,Asia,Bangladesh (85800 MT)
169,TJK,Tajikistan,5490,0.359,0.362,0.292,0.316,0.383,0.357,0.381,0.454,0.4,0.33,0.334,0.301,0.369,0.356,0.545,0.574,0.596,0.581,0.603,Asia,Tajikistan (5490 MT)
29,KHM,Cambodia,10400,0.163,0.181,0.175,0.185,0.187,0.209,0.223,0.253,0.274,0.324,0.352,0.351,0.361,0.365,0.427,0.545,0.617,0.626,0.64,Asia,Cambodia (10400 MT)
132,PSE,Palestine,3210,0.515,0.408,0.342,0.372,0.627,0.767,0.619,0.619,0.532,0.528,0.502,0.542,0.519,0.563,0.641,0.664,0.698,0.671,0.661,Asia,Palestine (3210 MT)
130,PAK,Pakistan,224000,0.741,0.734,0.756,0.768,0.83,0.841,0.877,0.929,0.906,0.885,0.925,0.917,0.889,0.895,0.915,0.926,0.967,1.02,1.05,Asia,Pakistan (224000 MT)
160,LKA,Sri Lanka,23400,0.54,0.547,0.575,0.57,0.627,0.611,0.599,0.613,0.6,0.644,0.645,0.73,0.77,0.711,0.852,0.949,1.1,1.16,1.1,Asia,Sri Lanka (23400 MT)
126,PRK,North Korea,30200,3.02,3.1,2.94,2.98,3.02,3.14,3.17,2.63,2.9,2.19,2.04,1.47,1.52,1.08,1.22,0.978,1.09,1.12,1.18,Asia,North Korea (30200 MT)
137,PHL,Philippines,135000,0.928,0.883,0.863,0.846,0.86,0.849,0.758,0.792,0.851,0.828,0.883,0.877,0.91,0.97,1.02,1.12,1.15,1.25,1.27,Asia,Philippines (135000 MT)
91,KGZ,Kyrgyz Republic,10100,0.936,0.779,0.986,1.07,1.15,1.09,1.06,1.26,1.44,1.26,1.17,1.37,1.78,1.69,1.73,1.73,1.59,1.53,1.6,Asia,Kyrgyz Republic (10100 MT)
20,BTN,Bhutan,1210,0.646,0.612,0.653,0.576,0.455,0.583,0.568,0.56,0.597,0.543,0.678,0.964,1.1,1.2,1.33,1.34,1.56,1.58,1.61,Asia,Bhutan (1210 MT)
168,SYR,Syria,28300,3.08,2.87,2.25,3.08,2.83,2.72,2.77,3.31,3.24,2.91,2.84,2.67,2.14,1.83,1.61,1.59,1.63,1.66,1.67,Asia,Syria (28300 MT)
8,ARM,Armenia,5580,1.14,1.16,1.01,1.15,1.23,1.47,1.49,1.74,1.92,1.51,1.48,1.73,1.99,1.91,1.91,1.65,1.76,1.7,1.89,Asia,Armenia (5580 MT)
77,IND,India,2660000,0.975,0.964,0.959,0.983,1.01,1.06,1.11,1.18,1.29,1.41,1.38,1.45,1.56,1.56,1.7,1.76,1.79,1.84,1.96,Asia,India (2660000 MT)
189,VNM,Vietnam,207000,0.655,0.738,0.843,0.928,1.06,1.13,1.17,1.18,1.31,1.41,1.55,1.63,1.51,1.55,1.75,1.95,1.96,1.95,2.16,Asia,Vietnam (207000 MT)
78,IDN,Indonesia,615000,1.26,1.39,1.42,1.44,1.52,1.52,1.51,1.62,1.77,1.88,1.77,2.07,2.12,1.63,1.44,1.96,2.15,2.21,2.3,Asia,Indonesia (615000 MT)
86,JOR,Jordan,24100,2.97,2.99,3.09,3.13,3.35,3.55,3.43,3.43,3.16,3.1,2.84,2.77,2.95,2.8,2.91,2.75,2.55,2.47,2.42,Asia,Jordan (24100 MT)
64,GEO,Georgia,10600,1.03,0.87,0.788,0.882,1.01,1.19,1.46,1.53,1.28,1.49,1.52,1.91,2.03,1.98,2.18,2.38,2.47,2.66,2.64,Asia,Georgia (10600 MT)
92,LAO,Lao,19300,0.18,0.196,0.212,0.218,0.226,0.233,0.3,0.308,0.352,0.434,0.48,0.499,0.528,0.613,0.653,1.31,2.56,2.62,2.74,Asia,Lao (19300 MT)
186,UZB,Uzbekistan,91300,4.91,4.9,5.03,4.91,4.82,4.43,4.47,4.39,4.47,3.8,3.64,3.9,3.91,3.43,3.44,3.31,2.9,2.92,2.81,Asia,Uzbekistan (91300 MT)
104,MDV,Maldives,1520,1.61,1.61,2.02,1.67,2.14,1.88,2.32,2.33,2.46,2.5,2.56,2.59,2.8,2.63,3.03,2.86,3.04,2.99,2.96,Asia,Maldives (1520 MT)
94,LBN,Lebanon,24200,4.03,4.11,3.89,4.23,3.77,3.55,3.11,2.89,3.66,4.36,4.04,3.9,4.04,3.76,3.79,3.69,3.64,3.53,3.53,Asia,Lebanon (24200 MT)
11,AZE,Azerbaijan,36800,3.64,3.52,3.58,3.67,3.8,4.02,4.54,3.49,4.02,3.57,3.39,3.61,3.79,3.74,3.88,3.86,3.82,3.73,3.7,Asia,Azerbaijan (36800 MT)
171,THA,Thailand,288000,2.71,2.87,3,3.15,3.36,3.43,3.46,3.49,3.43,3.64,3.82,3.76,3.99,4.17,4.07,4.1,4.07,4.12,4.15,Asia,Thailand (288000 MT)
177,TUR,Turkey,429000,3.64,3.33,3.39,3.58,3.65,3.89,4.1,4.5,4.4,4.43,4.35,4.63,4.74,4.55,4.69,4.86,5.03,5.25,5.2,Asia,Turkey (429000 MT)
80,IRQ,Iraq,204000,3.05,3.5,3.47,3.54,4.32,4.2,3.58,2.2,3.25,3.57,3.73,4.41,4.8,4.94,4.8,4.66,5.15,4.99,5.32,Asia,Iraq (204000 MT)
45,CYP,Cyprus,7500,7.56,7.3,7.37,7.64,7.74,7.79,7.84,8.01,8.03,7.68,7.25,6.89,6.36,5.72,6.01,5.99,6.29,6.39,6.3,Asia,Cyprus (7500 MT)
36,CHN,China,10100000,2.6,2.64,2.9,3.39,3.88,4.34,4.77,5.1,5.45,5.7,6.22,6.83,6.97,7.04,7.02,6.91,6.87,6.93,7.06,Asia,China (10100000 MT)
151,SGP,Singapore,40900,12.1,12.1,11.5,7.54,6.82,7.12,7,4.35,7.57,11.8,11.4,8.88,9.31,10.3,10.3,11,6.64,7.11,7.1,Asia,Singapore (40900 MT)
82,ISR,Israel,64300,10,10.4,9.62,9.95,9.18,8.66,9.31,9.18,9.69,8.89,9.3,9.17,9.83,8.41,7.88,8.15,7.89,7.85,7.67,Asia,Israel (64300 MT)
103,MYS,Malaysia,255000,5.46,5.7,5.64,6.37,6.82,7.08,6.83,6.85,7.44,7.11,7.68,7.6,7.43,7.96,8.08,7.71,8.05,7.93,8.08,Asia,Malaysia (255000 MT)
79,IRN,Iran,721000,5.63,5.95,5.92,6.08,6.42,6.65,7.15,7.2,7.42,7.51,7.65,7.76,7.96,7.97,8.29,8.17,8.21,8.51,8.81,Asia,Iran (721000 MT)
113,MNG,Mongolia,28100,3.13,3.26,3.38,3.25,3.44,3.4,3.68,4.66,4.57,4.89,5.09,7.74,12.4,15.1,10.1,7.76,8.29,8.49,8.88,Asia,Mongolia (28100 MT)
85,JPN,Japan,1160000,9.93,9.8,10,10.1,10,10.1,9.88,10.1,9.59,9.05,9.46,9.85,10.2,10.3,9.88,9.58,9.45,9.33,9.14,Asia,Japan (1160000 MT)
157,KOR,South Korea,659000,9.41,9.41,9.67,9.59,9.88,9.44,9.53,10.1,10.3,10.3,11.4,11.8,11.7,11.8,11.6,11.7,12.1,12.5,12.9,Asia,South Korea (659000 MT)
178,TKM,Turkmenistan,80000,8.3,8.33,8.66,9.57,9.88,10.2,10.3,11.5,11.5,10,11.2,12,12.3,12.4,12.5,12.6,12.4,12.7,13.7,Asia,Turkmenistan (80000 MT)
129,OMN,Oman,67300,9.5,8.77,10.8,13.4,11.3,11.7,15.1,16.4,15.3,14.1,15.4,16.4,16.8,16.2,15,15.1,14,13.7,13.9,Asia,Oman (67300 MT)
87,KAZ,Kazakhstan,322000,8.95,8.57,9.76,10.8,11.2,11.9,13.3,13.6,13.4,13,14.5,13.8,14,14.1,14.8,15,15,15.7,17.6,Asia,Kazakhstan (322000 MT)
146,SAU,Saudi Arabia,622000,14.4,14,14.9,14.6,17.1,16.6,17.6,15.4,16.7,17.5,18.9,17.6,19.3,18,19.5,19.6,19.5,19.1,18.4,Asia,Saudi Arabia (622000 MT)
25,BRN,Brunei,7940,13.8,12.9,12.3,12.7,13.6,13.3,12.8,22.2,23.7,20.2,20.8,24.3,23.8,18.9,21.8,16.8,18,17.9,18.5,Asia,Brunei (7940 MT)
13,BHR,Bahrain,31100,28.3,20.2,21.6,21.6,21.6,22.3,20.3,25.9,26.7,23.7,23.5,22.4,21,23.7,23.3,23.8,22.1,21.3,19.8,Asia,Bahrain (31100 MT)
182,ARE,United Arab Emirates,206000,35.7,30.5,24.1,28.5,27.5,25,23,21.6,21.7,20.9,18.3,18.9,23.8,23.7,24.2,20.7,21.7,21.1,21.4,Asia,United Arab Emirates (206000 MT)
90,KWT,Kuwait,98100,26.1,27.4,27.2,27.6,28.7,31.4,30.9,29.9,31,30.8,29.9,27.3,29.9,26.8,23.8,24.1,24.8,24.1,23.7,Asia,Kuwait (98100 MT)
140,QAT,Qatar,106000,58.4,67.1,63.6,60.6,56.7,58.6,61.8,51.7,44.8,41.5,38.8,39.2,42.5,36,43.1,41.3,38.5,39.8,38,Asia,Qatar (106000 MT)
112,MDA,Moldova,5130,0.851,0.905,0.971,1.06,1.11,1.19,1.21,1.21,1.26,1.11,1.18,1.21,1.17,1.2,1.16,1.18,1.21,1.18,1.27,Europe,Moldova (5130 MT)
2,ALB,Albania,4570,0.966,1.03,1.2,1.38,1.34,1.38,1.27,1.29,1.46,1.47,1.56,1.79,1.69,1.69,1.9,1.6,1.57,1.61,1.59,Europe,Albania (4570 MT)
114,MNE,Montenegro,2010,2.48,2.72,2.88,3.07,3.32,2.84,3.34,3.32,4.2,2.7,3.88,3.85,3.54,3.44,3.36,3.57,3.22,3.23,3.2,Europe,Montenegro (2010 MT)
127,MKD,North Macedonia,7270,5.93,5.87,5.34,5.51,5.44,5.47,5.3,4.6,4.55,4.2,4.15,4.49,4.25,3.79,3.63,3.41,3.39,3.53,3.49,Europe,North Macedonia (7270 MT)
106,MLT,Malta,1580,6.42,6.13,6.08,6.56,6.31,6.42,6.41,6.58,6.74,6.15,6.12,6.26,6.58,5.73,5.64,3.96,3.24,3.68,3.61,Europe,Malta (1580 MT)
93,LVA,Latvia,7200,2.97,3.17,3.22,3.35,3.4,3.47,3.74,3.93,3.78,3.48,4.04,3.73,3.64,3.61,3.56,3.65,3.67,3.71,3.73,Europe,Latvia (7200 MT)
141,ROU,Romania,74100,4.31,4.57,4.66,4.85,4.83,4.8,4.95,5.09,5.05,4.25,4.11,4.42,4.28,3.84,3.87,3.91,3.83,3.82,3.8,Europe,Romania (74100 MT)
98,LIE,Liechtenstein,153,6.54,6.4,6.5,6.72,6.66,6.6,6.61,5.71,6.19,5.75,5.31,4.87,5.07,5.22,4.33,4.25,3.96,4.11,4.03,Europe,Liechtenstein (153 MT)
166,SWE,Sweden,41100,6.16,6.26,6.35,6.39,6.28,5.96,5.9,5.76,5.49,5.06,5.63,5.17,4.86,4.66,4.46,4.41,4.33,4.25,4.12,Europe,Sweden (41100 MT)
167,CHE,Switzerland,36900,6.11,6.28,6.02,6.15,6.18,6.2,6.09,5.76,5.87,5.65,5.77,5.19,5.28,5.33,4.78,4.67,4.68,4.52,4.33,Europe,Switzerland (36900 MT)
43,HRV,Croatia,18600,4.45,4.73,4.99,5.31,5.23,5.35,5.4,5.72,5.44,5.04,4.87,4.8,4.45,4.32,4.16,4.22,4.3,4.48,4.48,Europe,Croatia (18600 MT)
99,LTU,Lithuania,13600,3.37,3.6,3.66,3.69,3.9,4.22,4.36,4.84,4.7,4.05,4.39,4.57,4.65,4.36,4.34,4.48,4.54,4.72,4.84,Europe,Lithuania (13600 MT)
139,PRT,Portugal,51000,6.43,6.36,6.71,6.19,6.43,6.62,6.15,5.9,5.67,5.39,5,4.9,4.75,4.6,4.61,5.04,4.88,5.32,4.97,Europe,Portugal (51000 MT)
181,UKR,Ukraine,225000,5.85,6.28,6.17,6.46,6.58,6.68,7.14,7.26,7.06,6.04,6.43,6.76,6.69,6.57,5.71,4.99,5.24,5.02,5.09,Europe,Ukraine (225000 MT)
75,HUN,Hungary,49900,5.73,5.91,5.83,6.11,5.98,6,5.96,5.85,5.75,5.21,5.26,5.09,4.75,4.46,4.48,4.78,4.87,5.11,5.14,Europe,Hungary (49900 MT)
148,SRB,Serbia,45500,4.74,5.24,5.58,6,6.52,5.62,6.66,6.56,5.71,5.09,5.09,5.47,4.89,5,4.18,4.93,5.09,5.17,5.17,Europe,Serbia (45500 MT)
61,FRA,France,338000,7.06,7.09,6.96,7.02,6.99,6.99,6.77,6.56,6.42,6.12,6.2,5.78,5.76,5.75,5.23,5.3,5.31,5.35,5.2,Europe,France (338000 MT)
83,ITA,Italy,338000,8.3,8.38,8.36,8.53,8.54,8.49,8.36,8.16,7.94,7.06,7.19,6.95,6.56,6.06,5.77,5.88,5.83,5.76,5.58,Europe,Italy (338000 MT)
183,GBR,United Kingdom,379000,9.63,9.75,9.45,9.6,9.58,9.46,9.33,9.1,8.77,7.87,8.07,7.34,7.56,7.36,6.71,6.42,6.04,5.81,5.65,Europe,United Kingdom (379000 MT)
159,ESP,Spain,268000,7.62,7.57,7.95,7.91,8.17,8.37,8.04,8.09,7.29,6.37,6.04,6.04,5.93,5.37,5.45,5.81,5.59,5.89,5.75,Europe,Spain (268000 MT)
47,DNK,Denmark,34800,10.2,10.4,10.3,11.3,10.2,9.51,10.9,10,9.33,8.84,8.86,7.93,7.11,7.41,6.63,6.19,6.49,6.07,6.06,Europe,Denmark (34800 MT)
4,AND,Andorra,471,8.02,7.79,7.59,7.32,7.36,7.3,6.75,6.52,6.43,6.12,6.12,5.87,5.92,5.9,5.83,5.97,6.07,6.27,6.12,Europe,Andorra (471 MT)
26,BGR,Bulgaria,44500,5.66,6.17,5.87,6.47,6.4,6.59,6.8,7.35,7.18,6.12,6.44,7.2,6.59,5.84,6.23,6.69,6.33,6.68,6.32,Europe,Bulgaria (44500 MT)
22,BIH,Bosnia and Herzegovina,21700,3.66,3.53,3.77,3.82,4.11,4.26,4.62,4.65,5.32,5.5,5.71,6.5,6.15,6.16,5.55,5.39,6.42,6.5,6.53,Europe,Bosnia and Herzegovina (21700 MT)
152,SVK,Slovak Republic,36100,7.64,8.03,7.79,7.85,7.95,7.94,7.9,7.6,7.67,6.98,7.13,7.04,6.65,6.57,6.2,6.35,6.42,6.62,6.61,Europe,Slovak Republic (36100 MT)
16,BLR,Belarus,65500,5.62,5.67,5.72,5.91,6.32,6.5,6.82,6.78,7.03,6.57,6.79,6.68,6.77,6.85,6.77,6.29,6.46,6.64,6.93,Europe,Belarus (65500 MT)
153,SVN,Slovenia,14400,7.78,8.25,8.32,8.2,8.37,8.5,8.57,8.59,9.01,8.03,8.02,7.98,7.69,7.36,6.55,6.58,6.95,6.87,6.95,Europe,Slovenia (14400 MT)
67,GRC,Greece,73900,9.3,9.47,9.4,9.73,9.76,10.2,10.1,10.3,10.1,9.53,8.95,8.74,8.49,7.62,7.36,7.04,6.73,7.09,7.03,Europe,Greece (73900 MT)
10,AUT,Austria,68900,8.22,8.69,8.87,9.52,9.49,9.63,9.31,8.96,8.85,8.1,8.6,8.3,7.95,7.97,7.49,7.7,7.7,7.94,7.75,Europe,Austria (68900 MT)
81,IRL,Ireland,39000,12,12.4,11.8,11.5,11.4,11.6,11.3,11,10.7,9.38,9.16,8.28,8.29,8.06,7.93,8.27,8.5,8.15,8.09,Europe,Ireland (39000 MT)
128,NOR,Norway,44400,9.46,9.71,9.46,9.71,9.72,9.5,9.53,9.81,9.52,9.1,9.47,9.2,8.99,8.86,8.74,8.72,8.47,8.26,8.31,Europe,Norway (44400 MT)
60,FIN,Finland,47000,11,12,12.5,13.9,13.2,10.9,13,12.6,11,10.5,12,10.5,9.47,9.52,8.73,8.06,8.6,8.12,8.52,Europe,Finland (47000 MT)
17,BEL,Belgium,99700,12.3,12.2,12.2,12.3,12.3,11.9,11.7,11.3,11.2,9.93,10.4,9.48,9.17,9.11,8.55,8.84,8.68,8.55,8.69,Europe,Belgium (99700 MT)
138,POL,Poland,344000,8.26,8.17,7.97,8.32,8.43,8.41,8.76,8.76,8.58,8.23,8.71,8.7,8.52,8.43,8.11,8.22,8.51,8.88,9.07,Europe,Poland (344000 MT)
65,DEU,Germany,760000,11.1,11.3,11.1,11.1,10.9,10.6,10.8,10.5,10.5,9.76,10.3,10,10.1,10.3,9.74,9.74,9.76,9.66,9.14,Europe,Germany (760000 MT)
121,NLD,Netherlands,162000,10.8,11.1,11,11.1,11.1,10.9,10.5,10.5,10.6,10.2,10.9,10.1,9.89,9.85,9.41,9.83,9.81,9.67,9.48,Europe,Netherlands (162000 MT)
46,CZE,Czech Republic,106000,12.4,12.4,12.1,12.5,12.5,12.3,12.3,12.4,11.8,11,11.2,10.9,10.5,10.1,9.83,9.89,10,9.93,9.94,Europe,Czech Republic (106000 MT)
76,ISL,Iceland,3630,10.5,10.1,10.5,10.4,10.7,10.1,10.5,11.5,12.2,11.8,11.3,10.8,10.7,10.7,10.5,10.7,10.5,10.8,10.8,Europe,Iceland (3630 MT)
142,RUS,Russia,1710000,10.1,10.3,10.3,10.6,10.6,10.8,11.2,11.2,11.4,10.7,11.3,11.6,11.7,11.2,11.2,11.2,11.1,11.3,11.7,Europe,Russia (1710000 MT)
56,EST,Estonia,19600,11,11.3,11,12.5,12.7,12.6,12.2,14.9,13.3,10.9,14.3,14.4,13.6,14.9,14.4,12.1,13.3,14.2,14.8,Europe,Estonia (19600 MT)
100,LUX,Luxembourg,9590,20,21,22.6,23.4,26.2,26.5,25.7,23.9,23.1,21.5,22.1,21.4,20.5,19,17.7,16.5,15.7,15.6,15.9,Europe,Luxembourg (9590 MT)